{"cameraMode":{"drawMode":0,"name":"Shaded","section":"Shading Mode"},"sceneLighting":true,"audioPlay":false,"sceneViewState":{"m_AlwaysRefresh":false,"showFog":true,"showSkybox":true,"showFlares":true,"showImageEffects":true,"showParticleSystems":true,"showVisualEffectGraphs":true,"m_FxEnabled":true},"in2DMode":false,"pivot":{"x":-1.1186619997024537,"y":-0.5915074348449707,"z":0.45645618438720705},"rotation":{"x":-0.12746110558509828,"y":-0.019715065136551858,"z":0.002324934583157301,"w":-0.9917852282524109},"size":36.11623001098633,"orthographic":false}