{"cameraMode":{"drawMode":0,"name":"Shaded","section":"Shading Mode"},"sceneLighting":true,"audioPlay":false,"sceneViewState":{"m_AlwaysRefresh":false,"showFog":true,"showSkybox":true,"showFlares":true,"showImageEffects":true,"showParticleSystems":true,"showVisualEffectGraphs":true,"m_FxEnabled":true},"in2DMode":false,"pivot":{"x":-3.105119228363037,"y":-159.0199737548828,"z":179.72573852539063},"rotation":{"x":0.33850544691085818,"y":0.0037202376406639816,"z":-0.0013019520556554199,"w":0.9410176873207092},"size":147.13978576660157,"orthographic":false}