{"cameraMode":{"drawMode":0,"name":"Shaded","section":"Shading Mode"},"sceneLighting":true,"audioPlay":false,"sceneViewState":{"m_AlwaysRefresh":false,"showFog":true,"showSkybox":true,"showFlares":true,"showImageEffects":true,"showParticleSystems":true,"showVisualEffectGraphs":true,"m_FxEnabled":true},"in2DMode":false,"pivot":{"x":3.1126832962036135,"y":-20.022390365600587,"z":132.32154846191407},"rotation":{"x":0.17490842938423158,"y":-0.0026486958377063276,"z":0.00047052637091837823,"w":0.9846034049987793},"size":44.975189208984378,"orthographic":false}