{"cameraMode":{"drawMode":0,"name":"Shaded","section":"Shading Mode"},"sceneLighting":true,"audioPlay":false,"sceneViewState":{"m_AlwaysRefresh":false,"showFog":true,"showSkybox":true,"showFlares":true,"showImageEffects":true,"showParticleSystems":true,"showVisualEffectGraphs":true,"m_FxEnabled":true},"in2DMode":false,"pivot":{"x":-10.774927139282227,"y":3.6528940200805666,"z":0.7388619780540466},"rotation":{"x":-0.024554342031478883,"y":-0.7274013161659241,"z":-0.025895001366734506,"w":0.6854766011238098},"size":7.898368835449219,"orthographic":false}