{"cameraMode":{"drawMode":0,"name":"Shaded","section":"Shading Mode"},"sceneLighting":true,"audioPlay":false,"sceneViewState":{"m_AlwaysRefresh":false,"showFog":true,"showSkybox":true,"showFlares":true,"showImageEffects":true,"showParticleSystems":true,"showVisualEffectGraphs":true,"m_FxEnabled":true},"in2DMode":false,"pivot":{"x":21.16291046142578,"y":-75.92613983154297,"z":343.15557861328127},"rotation":{"x":0.14377424120903016,"y":0.024692565202713014,"z":-0.003504140768200159,"w":0.989348828792572},"size":147.13978576660157,"orthographic":false}