{"cameraMode":{"drawMode":0,"name":"Shaded","section":"Shading Mode"},"sceneLighting":true,"audioPlay":false,"sceneViewState":{"m_AlwaysRefresh":false,"showFog":true,"showSkybox":true,"showFlares":true,"showImageEffects":true,"showParticleSystems":true,"showVisualEffectGraphs":true,"m_FxEnabled":true},"in2DMode":false,"pivot":{"x":-26.61802864074707,"y":13.112357139587403,"z":24.3139705657959},"rotation":{"x":0.045758336782455447,"y":-0.13385674357414246,"z":-0.006186159327626228,"w":-0.9899296760559082},"size":22.70737075805664,"orthographic":false}