{"cameraMode":{"drawMode":0,"name":"Shaded","section":"Shading Mode"},"sceneLighting":true,"audioPlay":false,"sceneViewState":{"m_AlwaysRefresh":false,"showFog":true,"showSkybox":true,"showFlares":true,"showImageEffects":true,"showParticleSystems":true,"showVisualEffectGraphs":true,"m_FxEnabled":true},"in2DMode":false,"pivot":{"x":1.6083958148956299,"y":-21.78888702392578,"z":131.6306915283203},"rotation":{"x":0.18522493541240693,"y":-0.011487790383398533,"z":0.0021654111333191396,"w":0.9826490879058838},"size":44.40581512451172,"orthographic":false}